City_ID,City,Lat,Lng,Max Temp,Humidity,Cloudiness,Wind Speed,Country,Date
0,Mataura,-46.1927,168.8643,49.48,49,10,5.14,NZ,2021-09-15 01:17:48
1,Sinnamary,5.3833,-52.95,78.64,85,0,7.67,GF,2021-09-15 01:17:48
2,Albany,42.6001,-73.9662,72.73,81,100,7.11,US,2021-09-15 01:16:15
3,Puerto Ayora,-0.7393,-90.3518,67.55,93,26,4.0,EC,2021-09-15 01:17:48
4,Ambilobe,-13.2,49.05,68.79,73,26,4.5,MG,2021-09-15 01:17:49
5,Nouadhibou,20.931,-17.0347,76.98,69,2,19.57,MR,2021-09-15 01:17:49
6,Punta Arenas,-53.15,-70.9167,35.62,93,40,20.71,CL,2021-09-15 01:14:51
7,Richards Bay,-28.783,32.0377,70.05,84,50,15.79,ZA,2021-09-15 01:17:49
8,Fortuna,40.5982,-124.1573,87.48,71,1,1.99,US,2021-09-15 01:17:49
9,Kapaa,22.0752,-159.319,87.78,66,20,5.99,US,2021-09-15 01:17:50
10,Port Augusta,-32.5,137.7667,66.7,38,100,4.47,AU,2021-09-15 01:17:50
11,Cape Town,-33.9258,18.4232,53.11,76,20,5.75,ZA,2021-09-15 01:17:13
12,Filingue,14.3521,3.3168,83.39,53,100,9.26,NE,2021-09-15 01:17:50
13,Ushuaia,-54.8,-68.3,33.46,75,75,29.93,AR,2021-09-15 01:17:51
14,Hermanus,-34.4187,19.2345,52.9,63,100,7.7,ZA,2021-09-15 01:17:51
15,Cockburn Town,21.4612,-71.1419,83.1,76,28,11.32,TC,2021-09-15 01:17:51
16,Tuktoyaktuk,69.4541,-133.0374,48.2,66,20,8.05,CA,2021-09-15 01:17:52
17,Barrow,71.2906,-156.7887,39.22,87,75,9.22,US,2021-09-15 01:17:52
18,Meulaboh,4.1363,96.1285,77.83,80,100,3.02,ID,2021-09-15 01:17:52
19,Aksu,41.1231,80.2644,67.39,49,44,4.27,CN,2021-09-15 01:17:52
20,Port Elizabeth,-33.918,25.5701,56.1,94,75,19.57,ZA,2021-09-15 01:17:53
21,Rikitea,-23.1203,-134.9692,74.25,78,62,13.42,PF,2021-09-15 01:17:53
22,Ostrovnoy,68.0531,39.5131,40.06,83,41,11.92,RU,2021-09-15 01:17:53
23,Ribeira Grande,38.5167,-28.7,69.35,75,10,6.93,PT,2021-09-15 01:17:53
24,Shebalino,51.2917,85.6772,42.8,45,20,5.19,RU,2021-09-15 01:17:54
25,Gewane,10.1664,40.6453,80.1,54,14,2.89,ET,2021-09-15 01:17:54
26,Touros,-5.1989,-35.4608,77.9,83,1,14.0,BR,2021-09-15 01:16:53
27,Bluff,-46.6,168.3333,49.8,68,100,14.9,NZ,2021-09-15 01:17:54
28,Wanning,18.8003,110.3967,83.97,79,100,10.78,CN,2021-09-15 01:17:55
29,Nikolskoye,59.7035,30.7861,46.29,80,12,8.95,RU,2021-09-15 01:17:55
30,Atuona,-9.8,-139.0333,78.26,70,0,20.76,PF,2021-09-15 01:17:55
31,Merauke,-8.4667,140.3333,84.25,70,94,9.98,ID,2021-09-15 01:17:55
32,Tahta,26.7693,31.5021,83.7,30,0,6.91,EG,2021-09-15 01:17:56
33,Erzurum,40.0,41.5,38.88,68,0,2.33,TR,2021-09-15 01:17:56
34,Saldanha,-33.0117,17.9442,51.85,63,72,16.51,ZA,2021-09-15 01:17:56
35,Kamenka,51.3223,42.7678,57.9,58,100,9.71,RU,2021-09-15 01:17:57
36,Tiksi,71.6872,128.8694,39.92,94,100,8.25,RU,2021-09-15 01:17:57
37,Kieta,-6.2167,155.6333,77.77,88,100,6.02,PG,2021-09-15 01:17:57
38,Dwarka,22.2394,68.9678,80.47,92,100,13.38,IN,2021-09-15 01:17:57
39,Hithadhoo,-0.6,73.0833,83.66,72,11,11.79,MV,2021-09-15 01:17:58
40,Kaitangata,-46.2817,169.8464,51.12,48,6,5.35,NZ,2021-09-15 01:17:58
41,Bandarbeyla,9.4942,50.8122,78.76,73,93,19.44,SO,2021-09-15 01:17:58
42,San Patricio,28.017,-97.5169,87.91,63,100,9.82,US,2021-09-15 01:17:58
43,Bucerias,20.75,-105.3333,80.98,83,90,5.75,MX,2021-09-15 01:15:45
44,Cayenne,4.9333,-52.3333,83.08,81,0,3.0,GF,2021-09-15 01:17:26
45,Norman Wells,65.282,-126.8329,50.04,81,75,4.61,CA,2021-09-15 01:17:59
46,Moron,-34.6534,-58.6198,53.35,67,5,3.06,AR,2021-09-15 01:17:59
47,Vaini,-21.2,-175.2,80.76,83,40,6.91,TO,2021-09-15 01:17:59
48,Dalbandin,28.8947,64.4101,77.52,12,6,7.76,PK,2021-09-15 01:18:00
49,Iqaluit,63.7506,-68.5145,35.33,75,75,2.3,CA,2021-09-15 01:18:00
50,Dolinsk,47.35,142.8,60.66,57,0,5.12,RU,2021-09-15 01:18:00
51,Miles City,46.4083,-105.8406,72.57,35,1,3.44,US,2021-09-15 01:16:02
52,Sao Filipe,14.8961,-24.4956,79.34,85,100,4.47,CV,2021-09-15 01:18:01
53,Aplahoue,6.9333,1.6833,72.7,97,100,3.09,BJ,2021-09-15 01:18:01
54,Saint Anthony,45.0205,-93.218,67.93,58,1,3.0,US,2021-09-15 01:18:01
55,Dikson,73.5069,80.5464,39.76,92,19,17.49,RU,2021-09-15 01:18:01
56,Chingirlau,51.095,54.0814,58.28,37,6,9.15,KZ,2021-09-15 01:18:02
57,Qaanaaq,77.484,-69.3632,17.69,91,85,5.82,GL,2021-09-15 01:18:02
58,Alice,27.7523,-98.0697,87.39,63,1,4.61,US,2021-09-15 01:18:02
59,Gimli,50.6336,-96.9907,62.62,45,7,4.61,CA,2021-09-15 01:18:03
60,Tucuman,-26.8241,-65.2226,62.6,42,75,4.61,AR,2021-09-15 01:13:10
61,Hobart,-42.8794,147.3294,52.27,64,75,1.99,AU,2021-09-15 01:16:46
62,Aswan,24.0934,32.907,87.12,28,0,9.48,EG,2021-09-15 01:18:03
63,Chuy,-33.6971,-53.4616,48.72,78,0,10.04,UY,2021-09-15 01:18:03
64,Namibe,-15.1961,12.1522,59.85,86,11,2.64,AO,2021-09-15 01:18:04
65,Skjervoy,70.0311,20.9714,44.56,81,100,6.15,NO,2021-09-15 01:18:04
66,Praya,14.9215,-23.5087,79.34,83,20,11.5,CV,2021-09-15 01:18:04
67,La Ronge,55.1001,-105.2842,59.22,67,75,4.61,CA,2021-09-15 01:18:05
68,Airai,-8.9266,125.4092,74.37,42,69,4.88,TL,2021-09-15 01:18:05
69,Alikalia,9.1667,-11.4,69.55,100,100,1.5,SL,2021-09-15 01:18:05
70,Turayf,31.6725,38.6637,68.25,40,0,6.91,SA,2021-09-15 01:18:05
71,Arraial Do Cabo,-22.9661,-42.0278,72.7,89,20,22.62,BR,2021-09-15 01:18:06
72,Madanapalle,13.55,78.5,70.41,83,99,4.61,IN,2021-09-15 01:18:06
73,Medea,36.2642,2.7539,70.25,36,98,2.39,DZ,2021-09-15 01:18:06
74,Latung,5.5,120.8833,83.73,69,97,7.27,PH,2021-09-15 01:18:06
75,Saint-Philippe,-21.3585,55.7679,67.59,79,40,8.46,RE,2021-09-15 01:18:07
76,Butaritari,3.0707,172.7902,82.89,71,13,12.41,KI,2021-09-15 01:18:07
77,Jamestown,42.097,-79.2353,75.52,78,1,8.99,US,2021-09-15 01:18:07
78,Nabari,34.6167,136.0833,76.62,80,84,2.66,JP,2021-09-15 01:18:08
79,Mar Del Plata,-38.0023,-57.5575,42.82,87,0,2.3,AR,2021-09-15 01:18:08
80,Yulara,-25.2406,130.9889,76.84,15,0,4.61,AU,2021-09-15 01:18:08
81,Monrovia,6.3005,-10.7969,77.5,85,100,8.48,LR,2021-09-15 01:18:08
82,Salvador,13.8333,-88.9167,72.0,97,63,1.77,SV,2021-09-15 01:18:09
83,Atambua,-9.1061,124.8925,84.76,49,39,1.83,ID,2021-09-15 01:18:09
84,Busselton,-33.65,115.3333,62.04,70,96,13.49,AU,2021-09-15 01:18:09
85,Xining,36.6167,101.7667,49.84,90,100,4.43,CN,2021-09-15 01:18:10
86,Bambous Virieux,-20.3428,57.7575,67.21,94,20,6.91,MU,2021-09-15 01:18:10
87,Constitucion,-35.3333,-72.4167,48.09,76,0,11.65,CL,2021-09-15 01:18:10
88,Yellowknife,62.456,-114.3525,50.52,100,90,5.75,CA,2021-09-15 01:18:10
89,Carnarvon,-24.8667,113.6333,66.27,55,90,10.36,AU,2021-09-15 01:18:00
90,Nueva Concepcion,14.2,-91.3,81.75,88,69,2.44,GT,2021-09-15 01:18:11
91,Narsaq,60.9167,-46.05,37.62,63,11,4.18,GL,2021-09-15 01:18:11
92,Kavaratti,10.5669,72.642,81.25,80,100,19.86,IN,2021-09-15 01:18:11
93,El Vigia,8.6219,-71.6506,77.07,84,73,5.93,VE,2021-09-15 01:18:11
94,Teguise,29.0605,-13.564,70.02,78,0,5.75,ES,2021-09-15 01:18:12
95,Cangzhou,38.3167,116.8667,73.31,61,53,8.63,CN,2021-09-15 01:18:12
96,Kahului,20.8947,-156.47,84.22,65,40,14.97,US,2021-09-15 01:14:39
97,Vestmannaeyjar,63.4427,-20.2734,50.92,71,5,16.4,IS,2021-09-15 01:18:12
98,Cabo San Lucas,22.8909,-109.9124,87.62,76,20,1.01,MX,2021-09-15 01:18:13
99,Zaraza,9.3503,-65.3245,77.13,81,9,4.14,VE,2021-09-15 01:18:13
100,Castro,-24.7911,-50.0119,64.44,98,100,2.01,BR,2021-09-15 01:18:13
101,Churapcha,62.0025,132.4325,53.78,73,64,4.16,RU,2021-09-15 01:18:14
102,Aberdeen,57.1437,-2.0981,55.89,100,90,4.61,GB,2021-09-15 01:18:14
103,Tasiilaq,65.6145,-37.6368,39.36,69,100,3.06,GL,2021-09-15 01:18:14
104,Cidreira,-30.1811,-50.2056,61.43,88,100,13.91,BR,2021-09-15 01:18:14
105,Haines Junction,60.7522,-137.5108,51.75,50,100,8.05,CA,2021-09-15 01:18:15
106,Cherskiy,68.75,161.3,42.13,82,100,1.99,RU,2021-09-15 01:18:15
107,Tilichiki,60.4667,166.1,46.85,51,18,10.2,RU,2021-09-15 01:18:15
108,Thompson,55.7435,-97.8558,44.76,87,20,0.0,CA,2021-09-15 01:15:35
109,Katsuura,35.1333,140.3,77.04,86,100,11.65,JP,2021-09-15 01:18:15
110,Ryotsu,38.0833,138.4333,73.36,64,100,9.91,JP,2021-09-15 01:18:16
111,Ponta Do Sol,32.6667,-17.1,74.03,73,29,7.74,PT,2021-09-15 01:18:16
112,Charagua,-19.8,-63.2167,58.1,63,100,9.15,BO,2021-09-15 01:18:16
113,Hilo,19.7297,-155.09,83.93,69,1,6.91,US,2021-09-15 01:13:26
114,Linden,6.0,-58.3,73.54,94,1,2.28,GY,2021-09-15 01:15:36
115,Klaksvik,62.2266,-6.589,50.92,93,100,7.92,FO,2021-09-15 01:18:17
116,Salalah,17.0151,54.0924,80.69,89,75,3.44,OM,2021-09-15 01:18:17
117,Russell,32.3502,-85.1999,78.4,87,90,0.0,US,2021-09-15 01:18:17
118,Khatanga,71.9667,102.5,40.6,90,67,2.66,RU,2021-09-15 01:18:18
119,New Norfolk,-42.7826,147.0587,51.93,61,87,1.39,AU,2021-09-15 01:18:18
120,George Town,5.4112,100.3354,80.89,85,20,4.61,MY,2021-09-15 01:18:18
121,Bengkulu,-3.8004,102.2655,78.57,75,87,3.58,ID,2021-09-15 01:18:19
122,Saint-Vallier,46.6411,4.3711,64.98,96,100,2.89,FR,2021-09-15 01:18:19
123,Ancud,-41.8697,-73.8203,48.42,92,100,12.82,CL,2021-09-15 01:18:19
124,North Shore,-36.8,174.75,60.6,91,99,5.01,NZ,2021-09-15 01:18:19
125,Mahebourg,-20.4081,57.7,67.24,94,20,6.91,MU,2021-09-15 01:18:20
126,Talnakh,69.4865,88.3972,40.42,89,100,6.64,RU,2021-09-15 01:18:20
127,Kushiro,42.975,144.3747,61.75,55,20,3.44,JP,2021-09-15 01:18:21
128,Namatanai,-3.6667,152.4333,76.21,92,100,6.85,PG,2021-09-15 01:18:21
129,Arona,28.0996,-16.681,68.31,77,20,4.61,ES,2021-09-15 01:18:21
130,Tateyama,34.9833,139.8667,75.22,85,100,10.51,JP,2021-09-15 01:18:22
131,Luderitz,-26.6481,15.1594,51.73,74,0,14.81,NA,2021-09-15 01:18:22
132,Bogorodskoye,56.55,37.8833,45.57,77,100,14.54,RU,2021-09-15 01:18:22
133,Kiama,-34.6833,150.8667,59.0,71,81,14.36,AU,2021-09-15 01:18:22
134,Karratha,-20.7377,116.8463,74.79,29,8,9.95,AU,2021-09-15 01:18:23
135,Kruisfontein,-34.0033,24.7314,53.89,83,99,12.41,ZA,2021-09-15 01:18:23
136,Moroni,-11.7022,43.2551,75.29,81,98,4.27,KM,2021-09-15 01:16:18
137,Maceio,-9.6658,-35.7353,76.44,94,0,2.3,BR,2021-09-15 01:18:23
138,San Andres,12.5847,-81.7006,80.62,89,75,4.61,CO,2021-09-15 01:18:24
139,Mayo,38.8876,-76.5119,81.41,87,1,8.01,US,2021-09-15 01:18:24
140,Pangai,-19.8,-174.35,82.51,74,20,10.36,TO,2021-09-15 01:18:24
141,Gushi,34.6425,109.5843,74.62,63,0,5.95,CN,2021-09-15 01:18:25
142,Avarua,-21.2078,-159.775,78.85,78,75,17.27,CK,2021-09-15 01:18:25
143,Aden,12.7794,45.0367,85.5,85,57,7.7,YE,2021-09-15 01:18:25
144,Rosita,13.9268,-84.4032,75.04,95,44,0.85,NI,2021-09-15 01:18:25
145,Itarema,-2.9248,-39.9167,78.96,82,0,13.22,BR,2021-09-15 01:18:26
146,Waspan,14.7419,-83.9717,76.12,93,39,4.29,NI,2021-09-15 01:18:26
147,Saint-Leu,-21.15,55.2833,67.06,76,21,3.94,RE,2021-09-15 01:18:26
148,Wagar,16.1525,36.2032,78.98,72,97,15.12,SD,2021-09-15 01:18:26
149,Provideniya,64.3833,-173.3,44.71,65,90,8.95,RU,2021-09-15 01:18:27
150,Sorland,67.667,12.6934,47.95,66,2,7.18,NO,2021-09-15 01:18:27
151,Seydi,39.4816,62.9137,70.41,15,0,7.29,TM,2021-09-15 01:18:27
152,Esperance,-33.8667,121.9,62.64,57,91,19.17,AU,2021-09-15 01:18:28
153,Korla,41.7597,86.1469,70.68,29,92,6.8,CN,2021-09-15 01:18:28
154,Beringovskiy,63.05,179.3167,42.49,64,100,13.69,RU,2021-09-15 01:18:28
155,Vardo,70.3705,31.1107,42.94,74,100,9.75,NO,2021-09-15 01:18:28
156,Labuan,5.2767,115.2417,78.96,88,40,4.61,MY,2021-09-15 01:18:29
157,Mount Gambier,-37.8333,140.7667,52.72,56,100,6.29,AU,2021-09-15 01:18:29
158,Torbay,47.6666,-52.7314,53.76,90,90,10.36,CA,2021-09-15 01:18:29
159,Vernon,50.2581,-119.2691,58.6,86,100,3.44,CA,2021-09-15 01:18:29
160,Cuamba,-14.8031,36.5372,70.43,51,87,7.76,MZ,2021-09-15 01:18:30
161,Montoro,38.0241,-4.3834,67.98,85,11,1.68,ES,2021-09-15 01:18:30
162,Hopkinsville,36.8656,-87.4886,77.05,99,91,6.4,US,2021-09-15 01:17:13
163,Guerrero Negro,27.9769,-114.0611,74.08,69,0,17.63,MX,2021-09-15 01:18:30
164,Linkoping,58.4109,15.6216,54.01,88,90,0.0,SE,2021-09-15 01:18:31
165,East London,-33.0153,27.9116,63.25,69,100,20.4,ZA,2021-09-15 01:18:31
166,Solhan,38.9634,41.0293,57.97,47,0,1.48,TR,2021-09-15 01:18:31
167,Voi,-3.3945,38.563,69.04,77,95,9.66,KE,2021-09-15 01:18:31
168,Zyryanka,65.75,150.85,55.92,46,100,9.01,RU,2021-09-15 01:18:32
169,Bethel,41.3712,-73.414,71.96,85,1,6.91,US,2021-09-15 01:18:32
170,Dingle,10.9995,122.6711,81.99,82,97,6.44,PH,2021-09-15 01:18:32
171,Passa Quatro,-22.3903,-44.9667,73.74,36,76,2.19,BR,2021-09-15 01:18:33
172,Khromtau,50.2503,58.4347,60.3,54,84,16.24,KZ,2021-09-15 01:18:33
173,Vanavara,60.34,102.2797,42.51,77,98,5.57,RU,2021-09-15 01:18:33
174,Coihaique,-45.5752,-72.0662,44.55,81,75,5.75,CL,2021-09-15 01:18:13
175,Saint-Francois,46.4154,3.9054,65.48,100,90,9.22,FR,2021-09-15 01:18:34
176,Santa Vitoria Do Palmar,-33.5189,-53.3681,49.28,77,0,10.02,BR,2021-09-15 01:18:34
177,Tiznit,29.5833,-9.5,64.99,86,16,3.27,MA,2021-09-15 01:18:34
178,Kavieng,-2.5744,150.7967,82.04,79,36,15.55,PG,2021-09-15 01:18:34
179,Ashington,50.9331,-0.3909,61.83,98,39,9.08,GB,2021-09-15 01:18:35
180,Gagnoa,6.1293,-5.9437,71.6,100,100,3.04,CI,2021-09-15 01:18:35
181,Beyneu,45.3167,55.2,70.38,25,66,12.3,KZ,2021-09-15 01:18:35
182,Marsa Matruh,31.3525,27.2453,75.49,65,0,11.25,EG,2021-09-15 01:18:35
183,Port Alfred,-33.5906,26.891,62.06,86,100,13.6,ZA,2021-09-15 01:18:36
184,Cascas,-7.4833,-78.8167,67.46,67,70,1.63,PE,2021-09-15 01:18:36
185,Srednekolymsk,67.45,153.6833,55.67,52,100,5.1,RU,2021-09-15 01:18:36
186,Cehegin,38.0924,-1.7985,68.16,65,100,1.92,ES,2021-09-15 01:18:37
187,Padang,-0.9492,100.3543,81.07,72,84,2.28,ID,2021-09-15 01:18:37
188,Senneterre,48.3835,-77.2328,57.42,94,100,16.22,CA,2021-09-15 01:18:37
189,Sao Joao Da Barra,-21.6403,-41.0511,73.9,88,1,18.92,BR,2021-09-15 01:18:37
190,Te Anau,-45.4167,167.7167,45.28,78,4,1.1,NZ,2021-09-15 01:18:38
191,Neryungri,56.6709,124.6491,53.42,76,99,10.8,RU,2021-09-15 01:18:38
192,Chupa,66.27,33.0549,39.42,87,98,8.63,RU,2021-09-15 01:18:38
193,Baghdad,33.3406,44.4009,75.11,46,0,5.75,IQ,2021-09-15 01:18:03
194,Husavik,66.0449,-17.3389,48.11,66,100,14.79,IS,2021-09-15 01:18:39
195,Belyy Gorodok,56.965,37.5125,45.54,83,100,12.57,RU,2021-09-15 01:18:39
196,Belaya Gora,68.5333,146.4167,51.17,63,100,9.84,RU,2021-09-15 01:18:39
197,Santa Isabel Do Rio Negro,-0.4139,-65.0192,72.54,97,100,2.35,BR,2021-09-15 01:18:40
198,Severo-Kurilsk,50.6789,156.125,51.8,83,54,11.63,RU,2021-09-15 01:18:40
199,Kudahuvadhoo,2.6708,72.8944,82.0,72,100,6.02,MV,2021-09-15 01:18:40
200,Honggang,46.4667,124.8667,60.82,75,100,8.12,CN,2021-09-15 01:18:40
201,San Quintin,30.4833,-115.95,72.46,72,0,11.27,MX,2021-09-15 01:18:41
202,Souillac,-20.5167,57.5167,67.35,94,20,6.91,MU,2021-09-15 01:18:41
203,Svetlyy,54.675,20.1347,55.45,89,92,5.08,RU,2021-09-15 01:18:41
204,Tongren,27.7172,109.1853,78.8,73,75,2.98,CN,2021-09-15 01:18:41
205,Tanout,14.9709,8.8879,84.78,47,9,8.86,NE,2021-09-15 01:18:42
206,Half Moon Bay,37.4636,-122.4286,91.74,70,1,12.66,US,2021-09-15 01:15:36
207,Clyde River,70.4692,-68.5914,29.1,63,13,0.98,CA,2021-09-15 01:18:42
208,Singkawang,0.9,109.0,75.85,82,100,2.98,ID,2021-09-15 01:18:42
209,Sabzevar,36.2126,57.6819,75.06,13,0,5.01,IR,2021-09-15 01:18:43
210,Prachin Buri,14.0833,101.6667,76.42,90,100,5.7,TH,2021-09-15 01:18:43
211,Avera,33.194,-82.5271,76.71,59,100,6.89,US,2021-09-15 01:18:43
212,Dali,25.7,100.1833,64.33,86,93,1.86,CN,2021-09-15 01:18:43
213,Lorengau,-2.0226,147.2712,81.9,81,98,7.61,PG,2021-09-15 01:18:44
214,Lebu,-37.6167,-73.65,47.37,77,100,7.7,CL,2021-09-15 01:18:44
215,Talcahuano,-36.7167,-73.1167,49.68,76,0,12.66,CL,2021-09-15 01:18:44
216,Nyazepetrovsk,56.0531,59.6028,54.18,60,100,7.09,RU,2021-09-15 01:18:45
217,Pombas,17.1503,-25.0201,78.58,84,100,9.08,CV,2021-09-15 01:18:45
218,Bathsheba,13.2167,-59.5167,83.01,83,75,13.8,BB,2021-09-15 01:18:45
219,Port Lincoln,-34.7333,135.8667,57.67,65,10,13.29,AU,2021-09-15 01:18:45
220,Esmeraldas,-19.7625,-44.3139,81.64,28,12,4.41,BR,2021-09-15 01:18:46
221,Zhangzhou,24.5133,117.6556,87.73,67,6,3.04,CN,2021-09-15 01:18:46
222,Henties Bay,-22.116,14.2845,50.86,90,0,12.39,NA,2021-09-15 01:18:46
223,Gamba,-2.65,10.0,75.69,86,100,5.59,GA,2021-09-15 01:18:47
224,Teguldet,57.3064,88.1667,35.56,96,100,4.14,RU,2021-09-15 01:18:47
225,Asifabad,19.3667,79.2833,74.95,92,100,7.45,IN,2021-09-15 01:18:47
226,Sundumbili,-29.1337,31.3975,68.31,84,14,13.98,ZA,2021-09-15 01:18:47
227,Novo Aripuana,-5.1206,-60.3797,74.86,84,12,2.71,BR,2021-09-15 01:18:48
228,Bergerac,44.8333,0.5,68.77,100,0,3.44,FR,2021-09-15 01:18:48
229,Rio Grande,-32.035,-52.0986,53.94,69,0,16.89,BR,2021-09-15 01:18:21
230,Yenagoa,4.9247,6.2642,74.43,92,58,2.75,NG,2021-09-15 01:18:48
231,Lae,-6.7221,146.9847,88.47,61,100,5.26,PG,2021-09-15 01:18:48
232,Yunyang,33.4474,112.7142,76.32,76,63,5.57,CN,2021-09-15 01:18:49
233,Smithers,54.7804,-127.1743,46.72,76,75,10.36,CA,2021-09-15 01:15:36
234,Bilma,18.6853,12.9164,90.36,21,0,4.14,NE,2021-09-15 01:18:49
235,Maltahohe,-24.8333,16.9833,54.3,23,0,8.05,NA,2021-09-15 01:18:49
236,Fairbanks,64.8378,-147.7164,60.76,43,1,1.01,US,2021-09-15 01:15:58
237,Mandurah,-32.55,115.7,63.91,65,100,10.74,AU,2021-09-15 01:17:18
238,Tsabong,-26.0217,22.401,56.05,25,4,12.21,BW,2021-09-15 01:18:50
239,Leningradskiy,69.3833,178.4167,31.69,89,99,13.76,RU,2021-09-15 01:18:50
240,Vila,42.0304,-8.1588,55.33,93,100,2.24,PT,2021-09-15 01:18:50
241,Golden,39.7555,-105.2211,73.51,64,40,5.01,US,2021-09-15 01:16:43
242,Hamilton,39.1834,-84.5333,80.69,69,1,6.91,US,2021-09-15 01:18:51
243,Lamballe,48.4676,-2.5144,64.51,96,94,1.01,FR,2021-09-15 01:18:51
244,Qaqortoq,60.7167,-46.0333,37.9,67,12,3.6,GL,2021-09-15 01:18:51
245,Shenzhen,22.5455,114.0683,88.86,76,79,3.4,CN,2021-09-15 01:14:36
246,Tual,-5.6667,132.75,81.36,80,28,14.5,ID,2021-09-15 01:18:52
247,Mattru,7.6244,-11.8332,73.63,97,100,0.76,SL,2021-09-15 01:18:52
248,Nadym,65.5333,72.5167,43.29,97,99,6.89,RU,2021-09-15 01:18:52
249,Berlevag,70.8578,29.0864,42.22,76,100,7.85,NO,2021-09-15 01:18:52
250,Codrington,-38.2667,141.9667,52.21,68,100,5.37,AU,2021-09-15 01:18:53
251,Thinadhoo,0.5333,72.9333,81.97,76,37,6.71,MV,2021-09-15 01:18:53
252,Sarh,9.1429,18.3923,76.91,94,0,0.0,TD,2021-09-15 01:18:53
253,Saskylakh,71.9167,114.0833,43.72,86,100,6.93,RU,2021-09-15 01:18:53
254,Buchanan,5.8808,-10.0467,76.53,89,100,7.29,LR,2021-09-15 01:18:54
255,Nanortalik,60.1432,-45.2371,38.17,80,13,9.17,GL,2021-09-15 01:18:54
256,Antofagasta,-23.65,-70.4,58.28,82,92,3.78,CL,2021-09-15 01:15:48
257,Zhuanghe,39.7008,122.9911,70.41,74,14,10.6,CN,2021-09-15 01:18:54
258,Faanui,-16.4833,-151.75,79.43,71,2,18.45,PF,2021-09-15 01:18:55
259,Okitipupa,6.5047,4.7839,72.57,97,27,0.27,NG,2021-09-15 01:18:55
260,Anloga,5.7947,0.8973,76.89,88,91,11.34,GH,2021-09-15 01:18:55
261,Tolmezzo,46.4075,13.0175,62.85,80,100,5.41,IT,2021-09-15 01:18:55
262,Kulhudhuffushi,6.6221,73.07,83.23,76,98,15.37,MV,2021-09-15 01:18:56
263,Geraldton,-28.7667,114.6,64.81,68,36,6.91,AU,2021-09-15 01:18:56
264,Iskateley,67.6803,53.1512,41.22,96,100,8.59,RU,2021-09-15 01:18:56
265,Tombouctou,20.0,-3.0,92.52,20,11,5.3,ML,2021-09-15 01:18:57
266,Newcastle,-32.9272,151.7765,65.91,65,75,8.99,AU,2021-09-15 01:18:57
267,Damietta,31.4165,31.8133,76.86,71,0,7.61,EG,2021-09-15 01:18:57
268,Yerbogachen,61.2767,108.0108,43.23,70,67,6.15,RU,2021-09-15 01:18:57
269,Gouyave,12.1646,-61.7296,81.37,83,20,2.3,GD,2021-09-15 01:18:58
270,Altay,47.8667,88.1167,53.82,16,0,4.09,CN,2021-09-15 01:18:58
271,Byron Bay,-28.65,153.6167,73.06,55,37,17.72,AU,2021-09-15 01:18:58
272,Great Falls,47.5002,-111.3008,74.93,27,1,12.66,US,2021-09-15 01:18:58
273,Port Hardy,50.6996,-127.4199,57.38,72,75,6.91,CA,2021-09-15 01:18:59
274,Jutai,-5.1833,-68.9,76.53,80,76,1.74,BR,2021-09-15 01:18:59
275,Arman,59.7,150.1667,56.21,56,7,5.53,RU,2021-09-15 01:18:59
276,Roald,62.5833,6.1333,50.32,93,49,4.61,NO,2021-09-15 01:19:00
277,Deputatskiy,69.3,139.9,48.43,67,29,3.22,RU,2021-09-15 01:19:00
278,Evensk,61.95,159.2333,52.75,52,19,2.51,RU,2021-09-15 01:19:00
279,Dovers,12.8833,-61.1833,83.17,77,7,15.48,VC,2021-09-15 01:19:00
280,Juruti,-2.1522,-56.0922,81.9,52,7,3.47,BR,2021-09-15 01:19:01
281,Quimper,48.0,-4.1,61.38,94,90,9.22,FR,2021-09-15 01:19:01
282,Strand,-34.1069,18.8275,53.15,76,100,1.01,ZA,2021-09-15 01:19:01
283,Benguela,-12.5763,13.4055,70.63,84,37,5.48,AO,2021-09-15 01:19:02
284,Muros,42.7762,-9.0603,66.99,89,96,5.3,ES,2021-09-15 01:19:02
285,Batagay-Alyta,67.8006,130.4114,50.67,61,24,1.77,RU,2021-09-15 01:19:02
286,Kupang,-10.1667,123.5833,86.58,62,20,10.36,ID,2021-09-15 01:19:02
287,Newport,51.5877,-2.9984,59.86,89,0,5.12,GB,2021-09-15 01:19:03
288,Matara,5.9485,80.5353,78.12,88,100,6.33,LK,2021-09-15 01:19:03
289,Saint-Joseph,-21.3667,55.6167,66.58,78,36,4.18,RE,2021-09-15 01:19:03
290,Bredasdorp,-34.5322,20.0403,51.12,82,100,4.61,ZA,2021-09-15 01:19:04
291,Iquitos,-3.7481,-73.2472,80.64,83,20,0.0,PE,2021-09-15 01:19:04
292,Ketchikan,55.3422,-131.6461,54.88,67,38,2.64,US,2021-09-15 01:19:04
293,Maldonado,-34.6667,-54.9167,51.22,83,3,11.18,UY,2021-09-15 01:19:05
294,Yunhe,34.0833,119.7167,75.06,80,100,13.69,CN,2021-09-15 01:19:05
295,Lagoa,39.05,-27.9833,68.04,76,68,5.88,PT,2021-09-15 01:19:05
296,Calama,-22.4667,-68.9333,51.01,29,99,4.72,CL,2021-09-15 01:19:05
297,Manali,13.1667,80.2667,84.29,67,100,9.46,IN,2021-09-15 01:19:06
298,Blagodatnoye,45.3997,42.5867,67.12,60,26,5.17,RU,2021-09-15 01:19:06
299,Port Hedland,-20.3167,118.5667,78.85,65,64,11.5,AU,2021-09-15 01:19:06
300,Boende,-0.2167,20.8667,70.03,94,58,2.08,CD,2021-09-15 01:19:06
301,Champerico,14.3,-91.9167,82.35,81,73,6.62,GT,2021-09-15 01:19:07
302,Ca Mau,9.1769,105.15,77.99,86,100,7.61,VN,2021-09-15 01:19:07
303,Arlit,18.7369,7.3853,94.62,24,9,8.93,NE,2021-09-15 01:19:07
304,Kouroussa,10.65,-9.8833,72.34,96,93,4.56,GN,2021-09-15 01:19:08
305,Verkhnyaya Inta,65.9811,60.3094,40.51,96,100,5.77,RU,2021-09-15 01:19:08
306,Astana,51.1801,71.446,33.75,86,0,8.95,KZ,2021-09-15 01:19:08
307,Derzhavinsk,51.1,66.3167,58.57,32,100,13.33,KZ,2021-09-15 01:19:08
308,Marawi,7.9986,124.2928,75.65,64,37,1.14,PH,2021-09-15 01:19:09
309,Hambantota,6.1241,81.1185,80.08,83,88,13.53,LK,2021-09-15 01:19:09
310,Santa Barbara,34.7333,-120.0343,72.16,50,1,8.05,US,2021-09-15 01:19:09
311,Kimbe,-5.5502,150.1429,84.61,65,87,9.08,PG,2021-09-15 01:19:09
312,Cassia,-20.5831,-46.9219,77.45,22,74,1.07,BR,2021-09-15 01:19:10
313,Jinsha,32.0898,121.0735,77.27,83,100,16.4,CN,2021-09-15 01:19:10
314,Chau Doc,10.7,105.1167,79.47,82,100,9.69,VN,2021-09-15 01:19:10
315,Laguna,38.421,-121.4238,98.46,20,1,4.0,US,2021-09-15 01:18:17
316,Harindanga,22.0383,88.3214,78.78,96,100,10.65,IN,2021-09-15 01:19:11
317,Vila Franca Do Campo,37.7167,-25.4333,66.61,83,12,3.94,PT,2021-09-15 01:19:11
318,Qui Nhon,13.7667,109.2333,83.5,78,100,11.32,VN,2021-09-15 01:19:11
319,Nago,26.5881,127.9761,87.87,77,100,15.66,JP,2021-09-15 01:19:11
320,Zavodouspenskoye,56.8626,65.0155,52.02,92,95,6.08,RU,2021-09-15 01:19:12
321,Ler,8.3018,30.1418,70.27,95,77,3.31,SS,2021-09-15 01:19:12
322,Magadan,59.5667,150.8,53.08,62,7,7.05,RU,2021-09-15 01:19:12
323,Jeremie,18.65,-74.1167,80.96,80,34,1.79,HT,2021-09-15 01:19:13
324,Pevek,69.7008,170.3133,32.94,89,100,4.76,RU,2021-09-15 01:19:13
325,Maturin,9.75,-63.1767,74.8,93,0,5.55,VE,2021-09-15 01:19:13
326,Aykhal,66.0,111.5,42.04,65,100,14.07,RU,2021-09-15 01:19:13
327,Shimoda,34.6667,138.95,78.91,86,92,13.29,JP,2021-09-15 01:19:14
328,Varhaug,58.6147,5.6457,54.9,77,84,5.82,NO,2021-09-15 01:19:14
329,Lichuan,30.3,108.85,66.99,84,88,3.62,CN,2021-09-15 01:19:14
330,Ponta Delgada,37.7333,-25.6667,66.92,82,20,6.91,PT,2021-09-15 01:16:03
331,Ternate,0.8,127.4,81.59,76,100,4.21,ID,2021-09-15 01:19:15
332,Mangaratiba,-22.9597,-44.0406,78.13,75,99,9.71,BR,2021-09-15 01:19:15
333,Monte Alegre,-2.0078,-54.0692,79.79,63,0,4.88,BR,2021-09-15 01:19:15
334,Khudumelapye,-23.8833,24.75,64.85,21,0,5.3,BW,2021-09-15 01:19:15
335,Knysna,-34.0363,23.0471,53.98,86,100,7.87,ZA,2021-09-15 01:19:16
336,Barstow,34.8986,-117.0228,97.5,8,0,15.66,US,2021-09-15 01:17:29
337,Palencia,42.4167,-4.5,56.91,84,98,3.13,ES,2021-09-15 01:19:16
338,Krasnoselkup,65.7,82.4667,39.09,97,100,4.16,RU,2021-09-15 01:19:16
339,Luanda,-8.8368,13.2343,72.46,93,77,9.82,AO,2021-09-15 01:19:15
340,Kandry,54.5667,54.1167,54.93,85,100,10.0,RU,2021-09-15 01:19:17
341,Brigantine,39.4101,-74.3646,75.49,92,1,6.91,US,2021-09-15 01:15:25
342,Chivay,-15.6383,-71.6011,47.89,53,66,5.03,PE,2021-09-15 01:19:17
343,Goderich,43.7501,-81.7165,73.04,94,100,12.66,CA,2021-09-15 01:19:17
344,Manokwari,-0.8667,134.0833,83.48,70,100,7.63,ID,2021-09-15 01:19:18
345,Lazaro Cardenas,17.9583,-102.2,75.69,92,100,4.05,MX,2021-09-15 01:19:18
346,Phalodi,27.1333,72.3667,84.29,72,26,11.23,IN,2021-09-15 01:19:18
347,Sitka,57.0531,-135.33,51.69,82,90,8.05,US,2021-09-15 01:19:18
348,Samandag,36.0842,35.9771,72.12,82,13,6.98,TR,2021-09-15 01:19:19
349,Ornskoldsvik,63.2909,18.7153,38.35,87,1,5.75,SE,2021-09-15 01:19:19
350,Hovd,48.0056,91.6419,52.02,37,1,5.01,MN,2021-09-15 01:19:19
351,Gobabis,-22.45,18.9667,57.65,31,0,5.26,NA,2021-09-15 01:19:19
352,Mandalgovi,45.7625,106.2708,52.97,76,100,10.25,MN,2021-09-15 01:19:20
353,Assiniboia,49.6334,-105.9845,64.31,34,73,4.61,CA,2021-09-15 01:19:20
354,Kodiak,57.79,-152.4072,56.71,44,20,10.36,US,2021-09-15 01:19:20
355,Bam,29.106,58.357,78.78,10,0,7.09,IR,2021-09-15 01:19:22
356,Pindwara,24.8,73.0667,77.56,86,18,3.47,IN,2021-09-15 01:19:22
357,Pontianak,-0.0333,109.3333,76.98,94,75,6.91,ID,2021-09-15 01:19:22
358,Sangar,63.9242,127.4739,52.83,86,100,5.59,RU,2021-09-15 01:19:23
359,Schio,45.7124,11.3574,66.9,73,29,3.94,IT,2021-09-15 01:19:23
360,Jinxiang,27.4327,120.6062,82.06,72,13,4.9,CN,2021-09-15 01:19:23
361,Hasaki,35.7333,140.8333,77.4,81,100,8.03,JP,2021-09-15 01:19:24
362,Aklavik,68.2191,-135.0107,50.72,59,56,2.77,CA,2021-09-15 01:19:24
363,Arawa,-6.2132,155.5367,76.87,93,100,3.94,PG,2021-09-15 01:19:24
364,Aldan,58.6031,125.3894,59.18,64,96,10.76,RU,2021-09-15 01:19:25
365,Omboue,-1.5746,9.2618,75.7,86,98,7.4,GA,2021-09-15 01:19:25
366,Axim,4.8699,-2.2405,75.25,90,100,5.46,GH,2021-09-15 01:19:25
367,Moree,-29.4667,149.85,64.42,36,0,9.22,AU,2021-09-15 01:19:26
368,Nome,64.5011,-165.4064,55.17,71,1,6.91,US,2021-09-15 01:19:26
369,Pervomayskoye,43.919,46.7102,65.05,42,5,1.68,RU,2021-09-15 01:19:26
370,Sur,22.5667,59.5289,86.81,43,100,6.29,OM,2021-09-15 01:19:27
371,Upernavik,72.7868,-56.1549,26.2,67,38,5.3,GL,2021-09-15 01:19:27
372,Savonlinna,61.8699,28.88,39.25,93,90,10.36,FI,2021-09-15 01:19:27
373,Blythe,33.6103,-114.5964,106.25,8,20,12.66,US,2021-09-15 01:19:27
374,Dunedin,-45.8742,170.5036,49.35,54,3,2.91,NZ,2021-09-15 01:19:28
375,Cherdyn,60.403,56.4787,45.36,99,100,3.42,RU,2021-09-15 01:19:28
376,Kewanee,41.2456,-89.9248,72.73,52,100,6.58,US,2021-09-15 01:19:28
377,Rocha,-34.4833,-54.3333,47.12,83,0,12.41,UY,2021-09-15 01:19:29
378,Abu Dhabi,24.4667,54.3667,89.71,79,0,3.44,AE,2021-09-15 01:17:07
379,Sayyan,15.1718,44.3244,63.77,24,7,9.08,YE,2021-09-15 01:19:29
380,Pangody,65.85,74.4859,43.84,93,100,4.5,RU,2021-09-15 01:19:29
381,Flin Flon,54.7682,-101.865,52.74,60,11,3.89,CA,2021-09-15 01:19:29
382,Yar-Sale,66.8333,70.8333,42.44,97,100,6.29,RU,2021-09-15 01:19:30
383,Burnie,-41.0667,145.9167,52.3,60,8,4.45,AU,2021-09-15 01:19:30
384,Abu Samrah,35.3029,37.1841,69.96,80,0,6.49,SY,2021-09-15 01:19:30
385,Chulman,56.8479,124.9104,53.31,76,100,9.42,RU,2021-09-15 01:19:31
386,Swellendam,-34.0226,20.4417,50.38,88,100,2.42,ZA,2021-09-15 01:19:31
387,Muisne,0.6,-80.0333,74.28,88,96,6.31,EC,2021-09-15 01:19:31
388,Bossier City,32.516,-93.7321,75.97,77,90,12.66,US,2021-09-15 01:17:36
389,Moindou,-21.6924,165.677,87.75,59,58,11.72,NC,2021-09-15 01:19:31
390,Chicama,-7.8447,-79.1469,59.54,81,40,6.6,PE,2021-09-15 01:19:32
391,Am Timan,11.0297,20.2827,70.05,92,99,5.48,TD,2021-09-15 01:19:32
392,Carmen,18.6333,-91.8333,87.84,62,1,4.61,MX,2021-09-15 01:19:32
393,Shuyskoye,59.3736,41.0305,38.62,94,80,8.55,RU,2021-09-15 01:19:33
394,Normandin,48.8333,-72.5321,51.93,82,100,9.22,CA,2021-09-15 01:19:33
395,Gao,16.6362,1.637,85.19,42,75,13.4,ML,2021-09-15 01:19:33
396,Georgetown,5.4112,100.3354,80.89,85,20,4.61,MY,2021-09-15 01:18:18
397,Olafsvik,64.8945,-23.7142,48.36,73,100,22.32,IS,2021-09-15 01:19:33
398,Mount Isa,-20.7333,139.5,83.97,9,7,12.66,AU,2021-09-15 01:19:34
399,Bloomfield,40.8068,-74.1854,74.86,85,1,1.01,US,2021-09-15 01:18:11
400,Takaka,-40.85,172.8,54.55,53,6,6.85,NZ,2021-09-15 01:19:34
401,Quesnel,52.9999,-122.5029,55.9,94,90,4.61,CA,2021-09-15 01:19:34
402,Tomatlan,19.9333,-105.25,75.94,94,100,0.49,MX,2021-09-15 01:19:35
403,Krasnyy Chikoy,50.3643,108.7512,53.28,83,54,1.86,RU,2021-09-15 01:19:35
404,La Asuncion,11.0333,-63.8628,91.13,66,2,8.05,VE,2021-09-15 01:19:35
405,Sibolga,1.7427,98.7792,79.5,71,100,1.81,ID,2021-09-15 01:19:36
406,Molteno,-31.3968,26.3625,45.79,74,68,2.71,ZA,2021-09-15 01:19:36
407,Luganville,-15.5333,167.1667,83.57,63,7,7.38,VU,2021-09-15 01:19:36
408,Hami,42.8,93.45,72.48,23,5,7.36,CN,2021-09-15 01:19:36
409,Diego De Almagro,-26.3667,-70.05,55.09,51,2,1.54,CL,2021-09-15 01:19:37
410,Ituporanga,-27.4144,-49.6025,62.53,99,100,1.54,BR,2021-09-15 01:19:37
411,Lagunas,-5.2269,-75.6753,80.8,55,8,1.79,PE,2021-09-15 01:19:37
412,Sirathu,25.65,81.3167,76.17,94,100,19.86,IN,2021-09-15 01:19:37
413,Saint George,37.1041,-113.5841,97.63,8,1,1.01,US,2021-09-15 01:18:20
414,Alice Springs,-23.7,133.8833,85.55,12,0,12.66,AU,2021-09-15 01:19:16
415,Aketi,2.7388,23.7833,67.84,99,99,1.5,CD,2021-09-15 01:19:38
416,Santa Marinella,42.0345,11.8536,71.94,70,100,3.06,IT,2021-09-15 01:19:38
417,Marzuq,14.4,46.4667,83.84,37,92,1.79,YE,2021-09-15 01:19:38
418,Bonoua,5.2741,-3.595,76.62,92,98,4.05,CI,2021-09-15 01:19:39
419,Ayame,5.6083,-3.1563,71.74,97,100,2.53,CI,2021-09-15 01:19:39
420,Malacacheta,-17.8422,-42.0767,69.85,40,61,4.25,BR,2021-09-15 01:19:39
421,Awjilah,29.1081,21.2869,74.37,49,0,10.31,LY,2021-09-15 01:18:59
422,Hay River,60.8156,-115.7999,58.98,63,75,3.44,CA,2021-09-15 01:19:40
423,Belmonte,-15.8631,-38.8828,73.9,86,0,8.86,BR,2021-09-15 01:19:40
424,Omsukchan,62.5333,155.8,50.99,58,52,1.48,RU,2021-09-15 01:19:40
425,Jinji,23.2281,110.8261,83.17,77,17,1.77,CN,2021-09-15 01:19:41
426,Ulaanbaatar,47.9077,106.8832,50.13,93,40,6.71,MN,2021-09-15 01:18:37
427,Nirmal,19.1,78.35,72.64,93,100,8.37,IN,2021-09-15 01:19:41
428,Yangshan,28.7615,115.0287,76.93,59,0,2.48,CN,2021-09-15 01:19:41
429,Ilulissat,69.2167,-51.1,30.22,80,20,12.66,GL,2021-09-15 01:19:41
430,Balkanabat,39.5108,54.3671,76.5,59,0,1.36,TM,2021-09-15 01:19:42
431,Kita,13.0349,-9.4895,74.46,93,100,3.58,ML,2021-09-15 01:19:42
432,Atar,20.5169,-13.0499,93.97,24,5,16.46,MR,2021-09-15 01:19:42
433,Anzhero-Sudzhensk,56.081,86.0285,42.46,95,100,6.2,RU,2021-09-15 01:19:43
434,Diffa,13.3154,12.6113,81.97,61,42,4.79,NE,2021-09-15 01:19:43
435,Puerto Baquerizo Moreno,-0.9,-89.6,68.59,85,72,10.92,EC,2021-09-15 01:19:43
436,Asau,46.4333,26.4,56.32,97,7,3.11,RO,2021-09-15 01:19:43
437,Utete,-7.986,38.758,68.97,96,56,0.78,TZ,2021-09-15 01:19:44
438,Ardakan,32.31,54.0175,68.38,8,0,3.89,IR,2021-09-15 01:19:44
439,Lucija,45.5053,13.6024,67.33,46,100,10.36,SI,2021-09-15 01:19:44
440,Sheltozero,61.3667,35.3667,46.45,89,100,12.21,RU,2021-09-15 01:19:44
441,Holovyne,50.4712,28.8253,49.62,84,95,4.97,UA,2021-09-15 01:19:45
442,Monywa,22.1167,95.1333,81.34,81,85,3.87,MM,2021-09-15 01:19:45
443,Comodoro Rivadavia,-45.8667,-67.5,55.26,41,0,23.02,AR,2021-09-15 01:19:45
444,Beloha,-25.1667,45.05,66.72,54,0,3.91,MG,2021-09-15 01:19:46
445,Amurzet,47.6967,131.0981,66.15,53,5,4.43,RU,2021-09-15 01:19:46
446,Lompoc,34.6391,-120.4579,78.94,78,1,8.05,US,2021-09-15 01:19:46
447,Pimenta Bueno,-11.6725,-61.1936,81.12,59,82,3.22,BR,2021-09-15 01:19:46
448,Uchiza,-8.4592,-76.4633,74.03,81,87,3.83,PE,2021-09-15 01:19:47
449,Persan,49.15,2.2667,68.29,96,75,3.44,FR,2021-09-15 01:19:47
450,Angoche,-16.2325,39.9086,71.94,81,74,6.93,MZ,2021-09-15 01:19:47
451,Bada,51.392,109.8717,51.73,83,37,4.0,RU,2021-09-15 01:19:47
452,Umm Lajj,25.0213,37.2685,84.6,62,5,10.67,SA,2021-09-15 01:19:48
453,Dundee,56.5,-2.9667,55.8,97,75,3.44,GB,2021-09-15 01:19:48
454,Barabai,-2.5833,115.3833,76.17,93,100,1.97,ID,2021-09-15 01:19:48
455,Milkovo,54.7167,158.6167,53.89,44,6,5.06,RU,2021-09-15 01:19:49
456,Mbandaka,0.0487,18.2603,69.49,94,7,3.56,CD,2021-09-15 01:19:49
457,Longyearbyen,78.2186,15.6401,33.64,86,75,2.3,SJ,2021-09-15 01:19:49
458,Caravelas,-17.7125,-39.2481,74.19,84,3,9.62,BR,2021-09-15 01:19:49
459,Moen,69.1304,18.6123,41.07,100,90,0.0,NO,2021-09-15 01:19:50
460,San Jose,37.3394,-121.895,94.26,43,1,4.0,US,2021-09-15 01:19:25
461,Kisangani,0.5167,25.2,69.21,98,100,3.31,CD,2021-09-15 01:19:50
462,Biguacu,-27.4942,-48.6556,69.8,97,100,0.47,BR,2021-09-15 01:19:50
463,Frolovo,49.7713,43.6622,64.54,60,87,7.4,RU,2021-09-15 01:19:50
464,Gat,31.61,34.7642,74.08,56,0,5.06,IL,2021-09-15 01:19:51
465,Baghmara,23.795,86.2085,76.28,95,100,11.88,IN,2021-09-15 01:19:51
466,Song Phi Nong,14.2241,100.0209,77.38,92,100,3.0,TH,2021-09-15 01:19:51
467,San-Pedro,4.7485,-6.6363,75.06,94,100,6.24,CI,2021-09-15 01:19:52
468,Sam Phran,13.727,100.2153,82.02,91,100,4.05,TH,2021-09-15 01:19:52
469,Campechuela,20.2342,-77.2789,73.31,88,97,6.82,CU,2021-09-15 01:19:52
470,Darnah,32.767,22.6367,76.33,71,0,16.96,LY,2021-09-15 01:19:52
471,Khorixas,-20.3667,14.9667,59.23,44,0,2.1,NA,2021-09-15 01:19:53
472,Itamarandiba,-17.8572,-42.8589,68.99,34,65,2.55,BR,2021-09-15 01:19:53
473,Palmer,42.1584,-72.3287,68.04,75,75,5.75,US,2021-09-15 01:19:53
474,Jijiga,9.35,42.8,63.72,81,49,9.33,ET,2021-09-15 01:19:54
475,Mokolo,10.7398,13.8019,70.5,86,52,1.68,CM,2021-09-15 01:19:54
476,Agadez,19.75,10.25,86.07,14,0,7.4,NE,2021-09-15 01:19:54
477,Los Llanos De Aridane,28.6585,-17.9182,69.55,81,0,5.75,ES,2021-09-15 01:19:54
478,Pinawa,50.1489,-95.8811,55.11,62,10,3.09,CA,2021-09-15 01:19:55
479,Bac Lieu,9.285,105.7244,77.74,85,100,10.16,VN,2021-09-15 01:19:55
480,Porto Belo,-27.1578,-48.5531,69.75,94,100,4.05,BR,2021-09-15 01:19:55
481,Rotifunk,8.2333,-12.6833,74.07,97,100,0.76,SL,2021-09-15 01:19:55
482,Nabire,-3.3667,135.4833,85.55,64,72,2.75,ID,2021-09-15 01:19:56
483,Flinders,-34.5833,150.8552,61.21,68,71,13.29,AU,2021-09-15 01:19:56
484,Iwanai,42.9744,140.5089,67.32,54,0,4.47,JP,2021-09-15 01:19:56
485,Balkhash,46.844,74.9804,48.81,29,0,13.42,KZ,2021-09-15 01:19:57
486,Walvis Bay,-22.9575,14.5053,51.1,81,0,5.75,NA,2021-09-15 01:19:57
487,Pascagoula,30.3658,-88.5561,77.0,93,75,3.44,US,2021-09-15 01:15:14
488,Kopervik,59.2835,5.3067,55.33,82,20,4.61,NO,2021-09-15 01:19:57
489,Severnyy-Kospashskiy,59.0925,57.8008,51.6,100,100,3.33,RU,2021-09-15 01:19:57
490,Ukiah,39.1502,-123.2078,96.51,19,1,3.44,US,2021-09-15 01:19:58
491,Saint-Michel-Des-Saints,46.6834,-73.9159,55.74,76,100,10.85,CA,2021-09-15 01:15:35
492,Victoria,22.2855,114.1577,89.56,74,46,6.49,HK,2021-09-15 01:19:31
493,Chokurdakh,70.6333,147.9167,38.1,76,100,10.69,RU,2021-09-15 01:19:58
494,Labuhan,-6.8844,112.2051,82.6,67,46,4.79,ID,2021-09-15 01:19:58
495,Morehead,37.2711,-87.1764,78.51,83,90,0.0,US,2021-09-15 01:19:59
496,Panama City,8.9936,-79.5197,81.18,90,40,2.3,PA,2021-09-15 01:15:40
497,Muzaffarabad,34.37,73.4711,69.22,69,0,5.08,PK,2021-09-15 01:19:59
498,Soyo,-6.1349,12.3689,74.28,89,0,5.48,AO,2021-09-15 01:19:59
499,Ewa Beach,21.3156,-158.0072,89.55,49,1,10.36,US,2021-09-15 01:15:08
500,Chumikan,54.7183,135.315,61.92,62,5,19.08,RU,2021-09-15 01:20:00
501,San Juan Bautista,-14.0108,-75.7358,56.17,69,100,2.71,PE,2021-09-15 01:15:35
502,Ghanzi,-21.5667,21.7833,66.13,21,0,11.36,BW,2021-09-15 01:20:00
503,Duldurga,50.6761,113.5931,53.67,91,96,3.06,RU,2021-09-15 01:20:00
504,Pandaria,22.2333,81.4167,74.34,98,100,6.02,IN,2021-09-15 01:19:13
505,Elko,41.0002,-115.5012,81.64,11,0,5.01,US,2021-09-15 01:15:36
506,Limon,10.0,-83.0333,80.35,78,99,2.35,CR,2021-09-15 01:20:01
507,Emerald,-23.5333,148.1667,71.62,21,0,13.33,AU,2021-09-15 01:20:01
508,Chapais,49.7834,-74.8492,46.18,86,100,17.22,CA,2021-09-15 01:19:34
509,Khovu-Aksy,51.1333,93.6,44.1,58,100,1.36,RU,2021-09-15 01:20:02
510,Launceston,-41.45,147.1667,53.8,76,90,1.99,AU,2021-09-15 01:20:04
511,Maumere,-8.6199,122.2111,83.84,65,75,1.88,ID,2021-09-15 01:20:04
512,Gusino,54.7244,31.368,41.36,92,95,7.27,RU,2021-09-15 01:20:04
513,Gorontalo,0.5412,123.0595,80.85,88,85,0.98,ID,2021-09-15 01:20:05
514,Komsomolskiy,40.4272,71.7189,63.82,33,0,6.91,UZ,2021-09-15 01:20:05
515,Tarbes,43.25,0.1667,64.87,94,75,3.44,FR,2021-09-15 01:20:05
516,Pisco,-13.7,-76.2167,61.02,88,20,5.75,PE,2021-09-15 01:20:06
517,Panaba,21.2833,-88.2667,79.48,79,100,9.37,MX,2021-09-15 01:20:06
518,Msanga,-6.05,36.0333,63.16,74,9,6.71,TZ,2021-09-15 01:20:06
519,Nantucket,41.2835,-70.0995,69.03,78,40,9.22,US,2021-09-15 01:17:01
520,Mineiros,-17.5694,-52.5511,76.5,46,77,1.92,BR,2021-09-15 01:20:06
521,San Cristobal,7.7669,-72.225,69.98,85,58,2.1,VE,2021-09-15 01:20:07
522,Lata,40.1629,-8.3327,64.08,91,100,0.98,PT,2021-09-15 01:20:07
523,Megion,61.0296,76.1136,32.02,87,13,5.46,RU,2021-09-15 01:20:07
524,Grootfontein,-19.5667,18.1167,58.57,33,0,3.44,NA,2021-09-15 01:20:07
525,Lardos,36.0942,28.0157,75.94,71,6,4.07,GR,2021-09-15 01:20:08
526,Humaita,-7.5061,-63.0208,81.61,51,0,2.75,BR,2021-09-15 01:20:08
527,Lander,42.833,-108.7307,77.11,14,1,10.36,US,2021-09-15 01:20:08
528,Grand Gaube,-20.0064,57.6608,68.38,81,15,5.99,MU,2021-09-15 01:20:09
529,Vazante,-17.9869,-46.9078,78.87,24,0,2.3,BR,2021-09-15 01:20:09
530,Lasa,46.6166,10.7002,65.28,92,99,1.9,IT,2021-09-15 01:20:09
531,Urumqi,43.801,87.6005,63.55,42,0,6.71,CN,2021-09-15 01:16:05
532,Lavrentiya,65.5833,-171.0,42.08,72,100,8.93,RU,2021-09-15 01:19:37
533,Taiyuan,37.8694,112.5603,73.26,60,100,6.71,CN,2021-09-15 01:20:10
534,Gamboma,-1.8764,15.8644,73.94,78,52,2.73,CG,2021-09-15 01:20:10
535,Plyussa,58.4308,29.3654,43.0,84,23,8.52,RU,2021-09-15 01:20:10
536,Neiafu,-18.65,-173.9833,83.08,74,40,6.91,TO,2021-09-15 01:20:10
537,Mehamn,71.0357,27.8492,41.81,80,100,5.35,NO,2021-09-15 01:20:11
538,Bairiki,1.3292,172.9752,87.8,66,75,16.11,KI,2021-09-15 01:20:11
539,Perivolion,39.4206,20.0147,63.95,65,0,4.05,GR,2021-09-15 01:20:11
540,Harper,4.375,-7.7169,77.02,88,100,10.96,LR,2021-09-15 01:20:12
541,Valleyview,55.0667,-117.2859,59.04,63,47,8.05,CA,2021-09-15 01:19:20
542,Dzhebariki-Khaya,62.2167,135.8,53.53,86,97,3.71,RU,2021-09-15 01:20:12
543,Ransang,8.9603,117.5828,84.85,66,93,1.9,PH,2021-09-15 01:20:12
544,Matamoros,25.5333,-103.25,89.71,30,75,0.0,MX,2021-09-15 01:20:12
545,Necochea,-38.5473,-58.7368,39.04,79,0,7.49,AR,2021-09-15 01:18:40
546,Hammerfest,70.6634,23.6821,41.45,87,75,2.3,NO,2021-09-15 01:16:27
547,Prince Rupert,54.3161,-130.3201,55.09,82,1,8.05,CA,2021-09-15 01:20:13
548,Bossangoa,6.4926,17.4552,69.13,98,100,1.95,CF,2021-09-15 01:20:13
549,Novoilinsk,51.6829,108.7143,49.91,80,9,3.11,RU,2021-09-15 01:20:13
550,Ban Nahin,18.2418,104.2122,79.86,93,100,1.25,LA,2021-09-15 01:20:14
551,Praia Da Vitoria,38.7333,-27.0667,67.75,82,0,5.66,PT,2021-09-15 01:20:14
552,Tabory,58.5198,64.5495,47.12,100,100,3.96,RU,2021-09-15 01:20:14
553,Bordighera,43.7806,7.6645,71.56,87,100,4.21,IT,2021-09-15 01:20:14
554,Manakara,-22.1333,48.0167,65.71,94,12,6.2,MG,2021-09-15 01:20:15
555,Tuatapere,-46.1333,167.6833,49.82,57,20,6.24,NZ,2021-09-15 01:20:15
556,Almaznyy,48.0448,40.045,55.54,54,77,6.51,RU,2021-09-15 01:20:15
557,Stonewall,50.1344,-97.3268,64.08,44,6,2.93,CA,2021-09-15 01:20:16
558,Talavera,15.6167,120.9333,82.87,77,1,1.77,PH,2021-09-15 01:20:16
559,Sidi Ali,36.0998,0.4206,77.83,54,100,8.77,DZ,2021-09-15 01:20:16
560,Bytom,50.348,18.9328,57.18,93,7,1.99,PL,2021-09-15 01:20:17
561,Beian,63.6559,9.5683,52.02,87,0,9.22,NO,2021-09-15 01:20:17
562,Ruteng,-8.6136,120.4721,73.36,60,21,1.52,ID,2021-09-15 01:20:17
563,Porto Walter,-8.2686,-72.7439,80.74,54,52,2.75,BR,2021-09-15 01:20:17
564,Aksarka,66.5606,67.7975,43.41,90,100,6.85,RU,2021-09-15 01:20:18
565,Beihai,21.4833,109.1,84.11,80,100,10.31,CN,2021-09-15 01:20:18
566,Sanmenxia,34.7747,111.1814,75.11,72,2,10.89,CN,2021-09-15 01:20:18
567,Krasnogvardeyskiy,57.3793,62.3195,50.92,95,100,5.5,RU,2021-09-15 01:20:19
568,Havelock,34.8791,-76.9013,79.95,88,0,5.99,US,2021-09-15 01:20:19
569,Salinopolis,-0.6136,-47.3561,78.46,81,0,8.59,BR,2021-09-15 01:20:19
570,Itaquyry,-24.9333,-55.2167,66.42,96,100,5.1,PY,2021-09-15 01:20:19
571,Severo-Yeniseyskiy,60.3725,93.0408,33.96,94,100,5.77,RU,2021-09-15 01:20:20
572,Wenling,28.3669,121.36,79.47,66,69,10.96,CN,2021-09-15 01:20:20
